{
  "project_info": {
    "project_number": "348919688989",
    "project_id": "final-year-project-fireb-f1122",
    "storage_bucket": "final-year-project-fireb-f1122.firebasestorage.app"
  },
  "client": [
    {
      "client_info": {
        "mobilesdk_app_id": "1:348919688989:android:618300c31f5c762e5d7bf4",
        "android_client_info": {
          "package_name": "com.example.save4u"
        }
      },
      "oauth_client": [],
      "api_key": [
        {
          "current_key": "AIzaSyB3ErXmJMt_mmfxZezYrbmYe-flUdnJUtE"
        }
      ],
      "services": {
        "appinvite_service": {
          "other_platform_oauth_client": []
        }
      }
    }
  ],
  "configuration_version": "1"
}